bin,confidence,count,lower,model_id,precision,split,upper
0,,0,0.0,yolo26n,,selection,0.06666666666666667
1,,0,0.06666666666666667,yolo26n,,selection,0.13333333333333333
2,,0,0.13333333333333333,yolo26n,,selection,0.2
3,0.257795177446389,161,0.2,yolo26n,0.391304347826087,selection,0.26666666666666666
4,0.2988958931149517,529,0.26666666666666666,yolo26n,0.44612476370510395,selection,0.3333333333333333
5,0.3660681229129398,417,0.3333333333333333,yolo26n,0.5707434052757794,selection,0.4
6,0.4328191113123234,376,0.4,yolo26n,0.7180851063829787,selection,0.4666666666666667
7,0.4973729716199319,319,0.4666666666666667,yolo26n,0.7053291536050157,selection,0.5333333333333333
8,0.5678072677631127,304,0.5333333333333333,yolo26n,0.8256578947368421,selection,0.6
9,0.6330508049329122,300,0.6,yolo26n,0.8366666666666667,selection,0.6666666666666666
10,0.701603288419785,310,0.6666666666666666,yolo26n,0.896774193548387,selection,0.7333333333333333
11,0.7672876505100209,368,0.7333333333333333,yolo26n,0.9239130434782609,selection,0.8
12,0.8347558611041896,455,0.8,yolo26n,0.967032967032967,selection,0.8666666666666667
13,0.9013042507228909,666,0.8666666666666667,yolo26n,0.9834834834834835,selection,0.9333333333333333
14,0.9457372637755971,263,0.9333333333333333,yolo26n,0.9961977186311787,selection,1.0
0,,0,0.0,yolo26n,,calibration,0.06666666666666667
1,,0,0.06666666666666667,yolo26n,,calibration,0.13333333333333333
2,,0,0.13333333333333333,yolo26n,,calibration,0.2
3,0.2578980174254287,264,0.2,yolo26n,0.45075757575757575,calibration,0.26666666666666666
4,0.2978375548616462,763,0.26666666666666666,yolo26n,0.44954128440366975,calibration,0.3333333333333333
5,0.3645564780436227,617,0.3333333333333333,yolo26n,0.580226904376013,calibration,0.4
6,0.4335561990737915,515,0.4,yolo26n,0.6718446601941748,calibration,0.4666666666666667
7,0.4987367878919877,477,0.4666666666666667,yolo26n,0.7421383647798742,calibration,0.5333333333333333
8,0.5669552451062687,443,0.5333333333333333,yolo26n,0.8081264108352144,calibration,0.6
9,0.6321842486456949,392,0.6,yolo26n,0.8673469387755102,calibration,0.6666666666666666
10,0.7008660624961596,444,0.6666666666666666,yolo26n,0.8986486486486487,calibration,0.7333333333333333
11,0.7678894388932305,511,0.7333333333333333,yolo26n,0.9217221135029354,calibration,0.8
12,0.8341257428300792,638,0.8,yolo26n,0.9498432601880877,calibration,0.8666666666666667
13,0.9026297680181057,1005,0.8666666666666667,yolo26n,0.982089552238806,calibration,0.9333333333333333
14,0.9467889559175576,383,0.9333333333333333,yolo26n,1.0,calibration,1.0
0,,0,0.0,yolo26n,,final,0.06666666666666667
1,,0,0.06666666666666667,yolo26n,,final,0.13333333333333333
2,,0,0.13333333333333333,yolo26n,,final,0.2
3,0.2580825801135278,408,0.2,yolo26n,0.4485294117647059,final,0.26666666666666666
4,0.29881242887440723,1306,0.26666666666666666,yolo26n,0.48085758039816234,final,0.3333333333333333
5,0.3650155571258737,1034,0.3333333333333333,yolo26n,0.5938104448742747,final,0.4
6,0.43289581886818046,873,0.4,yolo26n,0.6517754868270332,final,0.4666666666666667
7,0.4996528240153566,768,0.4666666666666667,yolo26n,0.7122395833333334,final,0.5333333333333333
8,0.5644022861958183,753,0.5333333333333333,yolo26n,0.795484727755644,final,0.6
9,0.6347315781295798,718,0.6,yolo26n,0.8342618384401114,final,0.6666666666666666
10,0.7012066916564951,798,0.6666666666666666,yolo26n,0.8909774436090225,final,0.7333333333333333
11,0.7668222675860767,852,0.7333333333333333,yolo26n,0.9248826291079812,final,0.8
12,0.8356042191224838,1108,0.8,yolo26n,0.9684115523465704,final,0.8666666666666667
13,0.9021572250480951,1654,0.8666666666666667,yolo26n,0.9794437726723095,final,0.9333333333333333
14,0.945610234318916,621,0.9333333333333333,yolo26n,0.9903381642512077,final,1.0
0,,0,0.0,yolo11n,,selection,0.06666666666666667
1,,0,0.06666666666666667,yolo11n,,selection,0.13333333333333333
2,,0,0.13333333333333333,yolo11n,,selection,0.2
3,0.25837682256544076,216,0.2,yolo11n,0.2777777777777778,selection,0.26666666666666666
4,0.2979164404173692,600,0.26666666666666666,yolo11n,0.405,selection,0.3333333333333333
5,0.366496129458644,502,0.3333333333333333,yolo11n,0.5099601593625498,selection,0.4
6,0.4330615368451965,445,0.4,yolo11n,0.5955056179775281,selection,0.4666666666666667
7,0.5005413666174009,385,0.4666666666666667,yolo11n,0.6805194805194805,selection,0.5333333333333333
8,0.5656353584266601,374,0.5333333333333333,yolo11n,0.7165775401069518,selection,0.6
9,0.6324245806804485,354,0.6,yolo11n,0.8192090395480226,selection,0.6666666666666666
10,0.6994307940177495,362,0.6666666666666666,yolo11n,0.8895027624309392,selection,0.7333333333333333
11,0.7661418476412373,465,0.7333333333333333,yolo11n,0.9096774193548387,selection,0.8
12,0.8348812720095607,568,0.8,yolo11n,0.9630281690140845,selection,0.8666666666666667
13,0.9022126418317673,692,0.8666666666666667,yolo11n,0.9841040462427746,selection,0.9333333333333333
14,0.9432670367442495,123,0.9333333333333333,yolo11n,0.991869918699187,selection,1.0
0,,0,0.0,yolo11n,,calibration,0.06666666666666667
1,,0,0.06666666666666667,yolo11n,,calibration,0.13333333333333333
2,,0,0.13333333333333333,yolo11n,,calibration,0.2
3,0.2581507985037987,297,0.2,yolo11n,0.3333333333333333,calibration,0.26666666666666666
4,0.29820967909808344,1040,0.26666666666666666,yolo11n,0.41442307692307695,calibration,0.3333333333333333
5,0.36529117236112024,752,0.3333333333333333,yolo11n,0.4773936170212766,calibration,0.4
6,0.43120752613850305,686,0.4,yolo11n,0.5830903790087464,calibration,0.4666666666666667
7,0.49972838080283877,538,0.4666666666666667,yolo11n,0.6691449814126395,calibration,0.5333333333333333
8,0.5656738344635537,536,0.5333333333333333,yolo11n,0.7388059701492538,calibration,0.6
9,0.63287490469714,480,0.6,yolo11n,0.8166666666666667,calibration,0.6666666666666666
10,0.7014169856370734,529,0.6666666666666666,yolo11n,0.8714555765595463,calibration,0.7333333333333333
11,0.7665751345822068,610,0.7333333333333333,yolo11n,0.9163934426229509,calibration,0.8
12,0.8340959272319728,808,0.8,yolo11n,0.9566831683168316,calibration,0.8666666666666667
13,0.8992035501430007,1028,0.8666666666666667,yolo11n,0.9815175097276264,calibration,0.9333333333333333
14,0.9441698170370526,180,0.9333333333333333,yolo11n,0.9833333333333333,calibration,1.0
0,,0,0.0,yolo11n,,final,0.06666666666666667
1,,0,0.06666666666666667,yolo11n,,final,0.13333333333333333
2,,0,0.13333333333333333,yolo11n,,final,0.2
3,0.2580802343434019,466,0.2,yolo11n,0.37339055793991416,final,0.26666666666666666
4,0.2982920984309222,1685,0.26666666666666666,yolo11n,0.4261127596439169,final,0.3333333333333333
5,0.365803143670482,1302,0.3333333333333333,yolo11n,0.5138248847926268,final,0.4
6,0.4330551469676313,1089,0.4,yolo11n,0.5693296602387512,final,0.4666666666666667
7,0.4994896501455239,977,0.4666666666666667,yolo11n,0.6704196519959058,final,0.5333333333333333
8,0.5661150491343135,904,0.5333333333333333,yolo11n,0.7422566371681416,final,0.6
9,0.6336118633735854,848,0.6,yolo11n,0.8183962264150944,final,0.6666666666666666
10,0.7011117597771112,908,0.6666666666666666,yolo11n,0.8546255506607929,final,0.7333333333333333
11,0.7670756290283274,1088,0.7333333333333333,yolo11n,0.9264705882352942,final,0.8
12,0.8357046616077423,1350,0.8,yolo11n,0.96,final,0.8666666666666667
13,0.8993601265941976,1732,0.8666666666666667,yolo11n,0.9849884526558892,final,0.9333333333333333
14,0.9440623981553947,293,0.9333333333333333,yolo11n,0.9726962457337884,final,1.0
0,,0,0.0,rfdetr_nano,,selection,0.06666666666666667
1,,0,0.06666666666666667,rfdetr_nano,,selection,0.13333333333333333
2,,0,0.13333333333333333,rfdetr_nano,,selection,0.2
3,0.2584386773892408,676,0.2,rfdetr_nano,0.14201183431952663,selection,0.26666666666666666
4,0.2963373572755383,1914,0.26666666666666666,rfdetr_nano,0.19278996865203762,selection,0.3333333333333333
5,0.36389784242985024,1096,0.3333333333333333,rfdetr_nano,0.3147810218978102,selection,0.4
6,0.4316852246106749,719,0.4,rfdetr_nano,0.48817802503477054,selection,0.4666666666666667
7,0.49760804731492964,554,0.4666666666666667,rfdetr_nano,0.5649819494584838,selection,0.5333333333333333
8,0.5668048647224394,468,0.5333333333333333,rfdetr_nano,0.6965811965811965,selection,0.6
9,0.6332156360810189,451,0.6,rfdetr_nano,0.8048780487804879,selection,0.6666666666666666
10,0.6997399719030872,469,0.6666666666666666,rfdetr_nano,0.8656716417910447,selection,0.7333333333333333
11,0.7684788707605342,485,0.7333333333333333,rfdetr_nano,0.9216494845360824,selection,0.8
12,0.8343292799316534,595,0.8,rfdetr_nano,0.9445378151260504,selection,0.8666666666666667
13,0.9027334542076797,989,0.8666666666666667,rfdetr_nano,0.9787664307381193,selection,0.9333333333333333
14,0.9517888450659295,649,0.9333333333333333,rfdetr_nano,0.9969183359013868,selection,1.0
0,,0,0.0,rfdetr_nano,,calibration,0.06666666666666667
1,,0,0.06666666666666667,rfdetr_nano,,calibration,0.13333333333333333
2,,0,0.13333333333333333,rfdetr_nano,,calibration,0.2
3,0.25843503766064274,1084,0.2,rfdetr_nano,0.15313653136531366,calibration,0.26666666666666666
4,0.29589926562538776,2971,0.26666666666666666,rfdetr_nano,0.21979131605520028,calibration,0.3333333333333333
5,0.36369055173543435,1694,0.3333333333333333,rfdetr_nano,0.32231404958677684,calibration,0.4
6,0.4316246929802472,1185,0.4,rfdetr_nano,0.46582278481012657,calibration,0.4666666666666667
7,0.4982846957306529,860,0.4666666666666667,rfdetr_nano,0.608139534883721,calibration,0.5333333333333333
8,0.5648665736191464,685,0.5333333333333333,rfdetr_nano,0.6744525547445256,calibration,0.6
9,0.6335920243672439,571,0.6,rfdetr_nano,0.7793345008756567,calibration,0.6666666666666666
10,0.7008659943006933,640,0.6666666666666666,rfdetr_nano,0.846875,calibration,0.7333333333333333
11,0.7671839015988203,728,0.7333333333333333,rfdetr_nano,0.9148351648351648,calibration,0.8
12,0.8353187450732308,870,0.8,rfdetr_nano,0.9436781609195403,calibration,0.8666666666666667
13,0.9021328840437761,1467,0.8666666666666667,rfdetr_nano,0.9802317655078391,calibration,0.9333333333333333
14,0.9524430468279336,896,0.9333333333333333,rfdetr_nano,0.9966517857142857,calibration,1.0
0,,0,0.0,rfdetr_nano,,final,0.06666666666666667
1,,0,0.06666666666666667,rfdetr_nano,,final,0.13333333333333333
2,,0,0.13333333333333333,rfdetr_nano,,final,0.2
3,0.25806905035011724,1722,0.2,rfdetr_nano,0.13588850174216027,final,0.26666666666666666
4,0.29690289501835004,4678,0.26666666666666666,rfdetr_nano,0.21483539974348012,final,0.3333333333333333
5,0.3645152004624622,2760,0.3333333333333333,rfdetr_nano,0.3347826086956522,final,0.4
6,0.4315782646554692,1835,0.4,rfdetr_nano,0.49645776566757494,final,0.4666666666666667
7,0.4987810902318968,1388,0.4666666666666667,rfdetr_nano,0.590778097982709,final,0.5333333333333333
8,0.5657356862914741,1202,0.5333333333333333,rfdetr_nano,0.6821963394342762,final,0.6
9,0.6332905618558639,989,0.6,rfdetr_nano,0.7765419615773509,final,0.6666666666666666
10,0.70046550848517,1085,0.6666666666666666,rfdetr_nano,0.8451612903225807,final,0.7333333333333333
11,0.7679495509316807,1229,0.7333333333333333,rfdetr_nano,0.9056143205858421,final,0.8
12,0.8350909156125352,1507,0.8,rfdetr_nano,0.9422694094226941,final,0.8666666666666667
13,0.9023500743449193,2469,0.8666666666666667,rfdetr_nano,0.976913730255164,final,0.9333333333333333
14,0.9518596909332032,1568,0.9333333333333333,rfdetr_nano,0.9917091836734694,final,1.0
0,,0,0.0,yolox_s,,selection,0.06666666666666667
1,,0,0.06666666666666667,yolox_s,,selection,0.13333333333333333
2,,0,0.13333333333333333,yolox_s,,selection,0.2
3,0.2579994004620008,242,0.2,yolox_s,0.256198347107438,selection,0.26666666666666666
4,0.29921582465370494,816,0.26666666666666666,yolox_s,0.26838235294117646,selection,0.3333333333333333
5,0.36532107061809965,630,0.3333333333333333,yolox_s,0.3634920634920635,selection,0.4
6,0.4322471911633821,532,0.4,yolox_s,0.47368421052631576,selection,0.4666666666666667
7,0.4984340155967558,396,0.4666666666666667,yolox_s,0.5202020202020202,selection,0.5333333333333333
8,0.5667306501539565,461,0.5333333333333333,yolox_s,0.6073752711496746,selection,0.6
9,0.6340146966096831,410,0.6,yolox_s,0.6829268292682927,selection,0.6666666666666666
10,0.699659217738737,518,0.6666666666666666,yolox_s,0.7644787644787645,selection,0.7333333333333333
11,0.7681870557930851,569,0.7333333333333333,yolox_s,0.8681898066783831,selection,0.8
12,0.8350733622908593,800,0.8,yolox_s,0.92625,selection,0.8666666666666667
13,0.9002827206048473,1160,0.8666666666666667,yolox_s,0.9724137931034482,selection,0.9333333333333333
14,0.9463292607446996,287,0.9333333333333333,yolox_s,0.9895470383275261,selection,1.0
0,,0,0.0,yolox_s,,calibration,0.06666666666666667
1,,0,0.06666666666666667,yolox_s,,calibration,0.13333333333333333
2,,0,0.13333333333333333,yolox_s,,calibration,0.2
3,0.2581943458034879,378,0.2,yolox_s,0.2275132275132275,calibration,0.26666666666666666
4,0.2974037711064473,1231,0.26666666666666666,yolox_s,0.272948822095857,calibration,0.3333333333333333
5,0.3649512051273482,897,0.3333333333333333,yolox_s,0.3366778149386845,calibration,0.4
6,0.43295078731999537,808,0.4,yolox_s,0.42698019801980197,calibration,0.4666666666666667
7,0.4997065784021591,768,0.4666666666666667,yolox_s,0.4869791666666667,calibration,0.5333333333333333
8,0.566084726434201,640,0.5333333333333333,yolox_s,0.621875,calibration,0.6
9,0.6338470173571571,657,0.6,yolox_s,0.7016742770167428,calibration,0.6666666666666666
10,0.7024420306623147,722,0.6666666666666666,yolox_s,0.7562326869806094,calibration,0.7333333333333333
11,0.7676752452077812,895,0.7333333333333333,yolox_s,0.8446927374301676,calibration,0.8
12,0.8354052806114403,1115,0.8,yolox_s,0.9309417040358744,calibration,0.8666666666666667
13,0.9007266853620256,1634,0.8666666666666667,yolox_s,0.9761321909424725,calibration,0.9333333333333333
14,0.9460448643565178,400,0.9333333333333333,yolox_s,0.99,calibration,1.0
0,,0,0.0,yolox_s,,final,0.06666666666666667
1,,0,0.06666666666666667,yolox_s,,final,0.13333333333333333
2,,0,0.13333333333333333,yolox_s,,final,0.2
3,0.2578327349130658,621,0.2,yolox_s,0.23993558776167473,final,0.26666666666666666
4,0.2985200080732852,1942,0.26666666666666666,yolox_s,0.27909371781668385,final,0.3333333333333333
5,0.36652433967668246,1530,0.3333333333333333,yolox_s,0.3503267973856209,final,0.4
6,0.43223566480965425,1279,0.4,yolox_s,0.4354964816262705,final,0.4666666666666667
7,0.4996914514687719,1113,0.4666666666666667,yolox_s,0.48966756513926324,final,0.5333333333333333
8,0.5669164746944243,1074,0.5333333333333333,yolox_s,0.6014897579143389,final,0.6
9,0.6332561121890465,1103,0.6,yolox_s,0.6618313689936537,final,0.6666666666666666
10,0.7002634454852915,1259,0.6666666666666666,yolox_s,0.7577442414614773,final,0.7333333333333333
11,0.7676585196643262,1480,0.7333333333333333,yolox_s,0.8635135135135135,final,0.8
12,0.8364810028698455,1931,0.8,yolox_s,0.9311237700673226,final,0.8666666666666667
13,0.9006513689944348,2778,0.8666666666666667,yolox_s,0.9751619870410367,final,0.9333333333333333
14,0.946108992726421,662,0.9333333333333333,yolox_s,0.9879154078549849,final,1.0
0,,0,0.0,yolov3,,selection,0.06666666666666667
1,,0,0.06666666666666667,yolov3,,selection,0.13333333333333333
2,,0,0.13333333333333333,yolov3,,selection,0.2
3,0.25790740365392706,178,0.2,yolov3,0.33146067415730335,selection,0.26666666666666666
4,0.29615265372229665,593,0.26666666666666666,yolov3,0.35581787521079256,selection,0.3333333333333333
5,0.3642582834650904,472,0.3333333333333333,yolov3,0.3622881355932203,selection,0.4
6,0.4337762548311337,370,0.4,yolov3,0.5297297297297298,selection,0.4666666666666667
7,0.49933544856000256,308,0.4666666666666667,yolov3,0.5032467532467533,selection,0.5333333333333333
8,0.564961197361669,327,0.5333333333333333,yolov3,0.6238532110091743,selection,0.6
9,0.6333720288048051,292,0.6,yolov3,0.6883561643835616,selection,0.6666666666666666
10,0.6984387802613246,308,0.6666666666666666,yolov3,0.711038961038961,selection,0.7333333333333333
11,0.7666782930672887,332,0.7333333333333333,yolov3,0.7921686746987951,selection,0.8
12,0.8344418491021945,416,0.8,yolov3,0.8846153846153846,selection,0.8666666666666667
13,0.9026729164348133,552,0.8666666666666667,yolov3,0.9239130434782609,selection,0.9333333333333333
14,0.9829327165402841,2199,0.9333333333333333,yolov3,0.9877216916780355,selection,1.0
0,,0,0.0,yolov3,,calibration,0.06666666666666667
1,,0,0.06666666666666667,yolov3,,calibration,0.13333333333333333
2,,0,0.13333333333333333,yolov3,,calibration,0.2
3,0.25821244417470396,259,0.2,yolov3,0.2471042471042471,calibration,0.26666666666666666
4,0.29777958485662376,953,0.26666666666666666,yolov3,0.3210912906610703,calibration,0.3333333333333333
5,0.36594207243859583,638,0.3333333333333333,yolov3,0.36990595611285265,calibration,0.4
6,0.43153526970932077,555,0.4,yolov3,0.4954954954954955,calibration,0.4666666666666667
7,0.4990379021515544,521,0.4666666666666667,yolov3,0.5527831094049904,calibration,0.5333333333333333
8,0.5672796325227575,481,0.5333333333333333,yolov3,0.58004158004158,calibration,0.6
9,0.6330871287812578,470,0.6,yolov3,0.6829787234042554,calibration,0.6666666666666666
10,0.7001669442111795,440,0.6666666666666666,yolov3,0.7295454545454545,calibration,0.7333333333333333
11,0.7669839774191264,513,0.7333333333333333,yolov3,0.7660818713450293,calibration,0.8
12,0.8343590321720288,558,0.8,yolov3,0.8512544802867383,calibration,0.8666666666666667
13,0.902295185791536,799,0.8666666666666667,yolov3,0.9436795994993742,calibration,0.9333333333333333
14,0.9835241652103767,3186,0.9333333333333333,yolov3,0.9905838041431262,calibration,1.0
0,,0,0.0,yolov3,,final,0.06666666666666667
1,,0,0.06666666666666667,yolov3,,final,0.13333333333333333
2,,0,0.13333333333333333,yolov3,,final,0.2
3,0.2584306923384519,388,0.2,yolov3,0.27319587628865977,final,0.26666666666666666
4,0.29745253879897104,1466,0.26666666666666666,yolov3,0.32605729877216916,final,0.3333333333333333
5,0.3653514328987466,1097,0.3333333333333333,yolov3,0.41476754785779396,final,0.4
6,0.4332565172954842,945,0.4,yolov3,0.49523809523809526,final,0.4666666666666667
7,0.500009132487953,852,0.4666666666666667,yolov3,0.5481220657276995,final,0.5333333333333333
8,0.5659231758472202,807,0.5333333333333333,yolov3,0.6294919454770755,final,0.6
9,0.6344628300931718,756,0.6,yolov3,0.6587301587301587,final,0.6666666666666666
10,0.7010534268460775,760,0.6666666666666666,yolov3,0.7460526315789474,final,0.7333333333333333
11,0.7667843331224643,832,0.7333333333333333,yolov3,0.796875,final,0.8
12,0.8341017746976738,928,0.8,yolov3,0.8502155172413793,final,0.8666666666666667
13,0.9024580733876832,1278,0.8666666666666667,yolov3,0.9280125195618153,final,0.9333333333333333
14,0.9827454217479704,5396,0.9333333333333333,yolov3,0.9859154929577465,final,1.0
