brier,brier_ci_lower,brier_ci_upper,count,ece,ece_ci_lower,ece_ci_upper,map,map50,map75,mean_confidence,mean_confidence_ci_lower,mean_confidence_ci_upper,model_id,nll,nll_ci_lower,nll_ci_upper,precision,precision_ci_lower,precision_ci_upper,recall100,samples,seed,split,status,valid_samples
0.16166823686581078,0.15587659704517007,0.1671631260862943,4468,0.16654603941000884,0.15482781564926743,0.17998847692083625,0.4201147068936406,0.5698699217736428,0.45432693555521736,0.6188165389248166,0.6100560321947457,0.6274539266367197,yolo26n,0.4853612655124387,0.4720719903805398,0.49805413993036746,0.7853625783348255,0.7718219408596658,0.7990647304019557,0.5861554056176129,1000,42,selection,complete,1000
0.16328974281369837,0.1584577849199599,0.16802961493763335,6452,0.16709018703746412,0.15619883473992094,0.17759782446576067,0.399778676835233,0.5491692654599044,0.4312357533374658,0.6177827205880784,0.6105937614994909,0.6252617593191352,yolo26n,0.4884567239814668,0.4769293881009796,0.4992116468916371,0.7848729076255425,0.7729573000644722,0.7967017681720758,0.5733774609438612,1000,42,calibration,complete,1000
0.16526832214156142,0.1619024202939251,0.16917979837237984,10893,0.16639186480885135,0.15777262738233797,0.17478942687824298,0.4036614525732608,0.5637976261848519,0.4405148661739996,0.6181486658071406,0.6123819390626177,0.623961650195644,yolo26n,0.49355820606255896,0.4855068005625014,0.5025853042804415,0.7845405306159919,0.7745321674644193,0.7937600716104827,0.5920266876207755,1000,42,final,complete,1000
0.16427823023901617,0.15873292169143347,0.16934198334226286,5086,0.13283473981022131,0.1204398692955736,0.14646820855933756,0.4049415412855845,0.5530004867244978,0.43434724971669264,0.6023205885421185,0.5947325789699366,0.6107644406896707,yolo11n,0.49550424437991286,0.48273556952113184,0.5074429455232602,0.7351553283523398,0.7208570228713017,0.750049021516552,0.5485010529685705,1000,42,selection,complete,1000
0.16874871038698444,0.16447043868292355,0.17320831310714155,7484,0.13039912885121646,0.11890825138068133,0.14183032034019016,0.38628618279956145,0.5332412704315215,0.4216916468326715,0.5932780491284735,0.5865268164228329,0.6000985887384714,yolo11n,0.5057434404327827,0.49592910887822805,0.5159616588535604,0.72367717797969,0.7107396372635212,0.73667024920745,0.5359711684134959,1000,42,calibration,complete,1000
0.16992905774211053,0.16638414619429132,0.17325805373412845,12642,0.13688311554589352,0.1281009626669336,0.14559122934336366,0.39095352645847886,0.5482967269442398,0.42618091433161825,0.5965451394770459,0.5914332602259647,0.6020065361151947,yolo11n,0.5083141010474992,0.5001824010785457,0.5163615248501158,0.7334282550229394,0.7233609597692554,0.7435472219268925,0.5456797578600683,1000,42,final,complete,1000
0.14764848260595653,0.14325564364360485,0.15190682617853687,9065,0.09586257610739231,0.08731659061741759,0.10381566782750205,0.5011093414539592,0.6858489597888965,0.5388774306902038,0.5499678227990882,0.5420518839081845,0.5590063093367683,rfdetr_nano,0.4587444384704066,0.4484587062099565,0.4687952360532819,0.5728626585769443,0.5570603583274317,0.5903370696118427,0.633890028359065,1000,42,selection,complete,1000
0.15345473268296103,0.14998647517501626,0.1569354412825786,13651,0.0844647285549835,0.0767999747767175,0.09196676714257516,0.48226761540881724,0.6654536636238549,0.5089461906880479,0.5402297397824262,0.5338264174948353,0.547519623923106,rfdetr_nano,0.4719612447162439,0.4640738407674987,0.4803422929557198,0.5645740238810344,0.5523345375166513,0.5781629516210598,0.6207601957772886,1000,42,calibration,complete,1000
0.15195950914396605,0.14926395702635345,0.15454598024824698,22432,0.0864417019357291,0.08073513491717285,0.09234087281887353,0.48695788241224724,0.6798003135646703,0.517974254784198,0.5488889507813839,0.5436570678098507,0.5545491980556899,rfdetr_nano,0.4683492743618982,0.4619050088979204,0.474389359449347,0.5750267475035663,0.5657120358681035,0.5851573091395327,0.6373373187257986,1000,42,final,complete,1000
0.1544668732970374,0.14949808588369604,0.15956971926854885,6821,0.052147626155912834,0.04544623306324448,0.06397496225315591,0.43314084370560235,0.6180405078339478,0.4730433762470246,0.6258316268329833,0.6175495582195653,0.6349559501706791,yolox_s,0.4722312301794489,0.46067391645923217,0.4841622084749624,0.6701363436446269,0.6534347873549954,0.6869598572522456,0.5778748006958857,1000,42,selection,complete,1000
0.15593595357344986,0.15170182941620625,0.16032747166505504,10145,0.05096256095473551,0.04452069868999997,0.06056005009567812,0.408786386778269,0.5892314446355112,0.443206876716372,0.6189559455632341,0.6118724215614624,0.6262668894826618,yolox_s,0.47623427562390447,0.46615107127824207,0.4868423993660103,0.6538196155741745,0.6388222179955847,0.6688406455038852,0.5561780816510726,1000,42,calibration,complete,1000
0.1551948523403174,0.15210073981009586,0.1584166574458732,16772,0.04705788508402315,0.04251311152481095,0.0542453679243184,0.4064955146734846,0.5990029286687634,0.4369319844554209,0.6247497477861654,0.6195751339912826,0.6301128426296291,yolox_s,0.4739264713689922,0.4664295424025348,0.4815450186712807,0.6616980682089196,0.6511544775274538,0.6716755627206067,0.5612673501478421,1000,42,final,complete,1000
0.1305292132743651,0.1253265889805917,0.13580548888846442,6347,0.027870765953378,0.022453495640980772,0.04055641364602912,0.3992995383327565,0.6902662962585603,0.41643625833541403,0.7174986715117307,0.7078687404836275,0.7277080373237295,yolov3,0.3923505253724512,0.3779578334315958,0.40713637249038975,0.7450764140538837,0.7285571037227397,0.7605803301072397,0.49311763848499723,1000,42,selection,complete,1000
0.12992943502192536,0.1250296555770156,0.13446970636666347,9373,0.021240147464013107,0.016962443880428398,0.032668401893447274,0.3847612358258876,0.6678102092460761,0.4007405250608247,0.7122154811409714,0.704152208997122,0.7211708204169802,yolov3,0.3887237399287286,0.37571285608140054,0.400937801108053,0.7327429851701697,0.7180855053595683,0.7480269724290807,0.4915613990211949,1000,42,calibration,complete,1000
0.1316089558746432,0.12762235096586216,0.1354882613099233,15505,0.025478008732569675,0.018589113368252676,0.033211139961669765,0.38233561579830627,0.6816165796564252,0.3885345596942521,0.7165406949114161,0.7099500196736408,0.7228145226177963,yolov3,0.3942824296217904,0.38341676730611784,0.4051467284816937,0.7420187036439858,0.7316088988620822,0.7532791786947842,0.4934923309592317,1000,42,final,complete,1000
